53,243,Real Madrid
19,21,FC Bayern München
16,73,Paris Saint-Germain
31,44,Inter
13,9,Liverpool
13,10,Manchester City
53,240,Atlético Madrid
350,605,Al Hilal
13,11,Manchester United
53,448,Athletic Club
31,47,AC Milan
39,112893,Inter Miami
13,13,Newcastle United
19,22,Borussia Dortmund
13,1,Arsenal
53,241,FC Barcelona
31,48,Napoli
31,45,Juventus
19,32,Bayer 04 Leverkusen
13,5,Chelsea
68,326,Fenerbahçe SK
317,211,Dinamo Zagreb
68,325,Galatasaray SK
13,18,Tottenham Hotspur
350,112391,Al Qadsiah FC
68,327,Beşiktaş JK
353,1876,River Plate
13,2,Aston Villa
31,52,Roma
308,237,Sporting CP
10,247,PSV
50,86,Rangers FC
350,112387,Al Ahli SFC
53,449,Real Betis Balompié
308,234,SL Benfica
53,453,RCD Mallorca
16,66,Olympique Lyonnais
350,112139,Al Nassr
13,1808,Brighton & Hove Albion
10,246,Feyenoord
50,78,Celtic
13,14,Nottingham Forest
53,483,Villarreal CF
31,46,Lazio
13,19,West Ham United
53,1860,Getafe CF
16,219,Olympique de Marseille
350,112096,Al Ettifaq
53,450,RC Celta
308,1896,Sporting Clube de Braga
31,189,Bologna
53,457,Real Sociedad
31,39,Atalanta
19,175,VfL Wolfsburg
319,266,SK Slavia Praha
19,1831,1. FC Union Berlin
31,110374,Fiorentina
14,1794,Sheffield United
330,100761,FCSB
350,111674,Al Shabab
19,112172,RB Leipzig
31,110556,Genoa
31,54,Torino
13,106,Sunderland
353,1877,Boca Juniors
19,38,SV Werder Bremen
16,72,OGC Nice
17,379,Stade de Reims
39,112996,Los Angeles FC
350,607,Al Ittihad
13,1796,Burnley
19,169,1. FSV Mainz 05
53,461,Valencia CF
63,278,AEK Athens
332,101047,Dynamo Kyiv
13,1925,Brentford
13,1799,Crystal Palace
63,393,PAOK
41,300,Viking FK
10,245,Ajax
7,517,Botafogo
31,1842,Cagliari
13,1943,AFC Bournemouth
16,69,AS Monaco
7,1048,Internacional
63,280,Olympiacos FC
353,101083,Estudiantes de La Plata
19,1824,Eintracht Frankfurt
53,110062,Girona FC
16,65,Lille OSC
68,436,Trabzonspor
39,113149,FC Cincinnati
19,100409,FC Augsburg
31,1745,Como
336,101100,Atlético Nacional
54,1861,UD Almería
19,36,VfB Stuttgart
2012,111768,Beijing Guoan
353,101088,Vélez Sarsfield
53,481,Sevilla FC
4,673,KRC Genk
31,110738,Pisa
13,7,Everton
7,567,Fluminense
16,74,Stade Rennais FC
19,31,1. FC Köln
32,111811,Monza
335,110980,Colo-Colo
7,1719,Vitória
53,480,Rayo Vallecano
20,160,VfL Bochum 1848
63,1884,Panathinaikos FC
353,101085,Racing Club
53,110827,Real Oviedo
13,144,Fulham FC
13,8,Leeds United
32,1837,Sampdoria
350,113037,Al Riyadh
16,64,RC Lens
19,23,Borussia Mönchengladbach
7,383,Palmeiras
7,1035,Atlético Mineiro
350,131798,NEOM SC
41,918,FK Bodø/Glimt
68,110776,Gaziantep FK
353,110580,Rosario Central
350,112390,Al Fateh
350,112393,Al Taawoun FC
4,231,Club Brugge KV
17,70,Montpellier HSC
7,569,Vasco da Gama
7,1041,Corinthians
68,748,Samsunspor
68,101037,Çaykur Rizespor
353,110396,Newell's Old Boys
308,112809,Famalicão
308,236,FC Porto
189,894,FC Zürich
20,1832,Karlsruher SC
19,10029,TSG 1899 Hoffenheim
39,111144,Seattle Sounders FC
16,111817,Paris FC
31,111974,Sassuolo
4,100087,Oud-Heverlee Leuven
68,101033,Konyaspor
31,50,Parma
13,110,Wolverhampton Wanderers
14,12,Middlesbrough
83,2055,Gimcheon Sangmu FC
39,101112,Vancouver Whitecaps FC
31,206,Hellas Verona FC
39,697,LA Galaxy
353,110395,Lanús
317,263,Hajduk Split
39,113018,St. Louis CITY SC
4,2014,Union Saint-Gilloise
14,1800,Coventry City
351,111393,Adelaide United
350,112883,Al Khaleej
319,267,Sparta Praha
53,452,RCD Espanyol
189,896,FC Basel 1893
83,982,FC Seoul
10,1903,FC Utrecht
32,1843,Palermo FC
20,576,Holstein Kiel
54,110832,Granada CF
19,111235,1. FC Heidenheim 1846
14,94,Ipswich Town
16,76,RC Strasbourg Alsace
56,320,Malmö FF
4,229,RSC Anderlecht
2013,111701,Al Ain
19,110329,FC St. Pauli
353,112689,Platense
16,378,Stade Brestois 29
39,114162,Nashville SC
68,111339,Kasımpaşa SK
353,111710,Defensa y Justicia
10,100646,Sparta Rotterdam
19,28,Hamburger SV
39,111065,Real Salt Lake
31,55,Udinese
68,101014,Medipol Başakşehir FK
308,744,Rio Ave FC
19,25,SC Freiburg
53,1853,Levante UD
337,101108,Club Olimpia
353,110093,Independiente
1,819,FC København
353,101084,Gimnasia y Esgrima La Plata
7,1629,Grêmio
189,324,Servette FC
39,689,New York Red Bulls
353,111022,Belgrano de Córdoba
1,269,Brøndby IF
41,298,Rosenborg BK
10,1906,AZ Alkmaar
39,112828,New York City FC
2012,116360,Chengdu Rongcheng
308,717,Alverca
4,230,Royal Antwerp FC
54,110839,SD Huesca
64,1874,Ferencvárosi Torna Club
80,191,FC Red Bull Salzburg
16,1530,Angers SCO
80,209,SK Sturm Graz
39,687,Columbus Crew
16,1809,Toulouse FC
50,621,Livingston FC
68,101025,Gençlerbirliği SK
39,693,Chicago Fire
14,1792,Norwich City
56,710,Djurgårdens IF
308,112513,FC Arouca
1,1516,FC Midtjylland
53,479,CA Osasuna
54,472,UD Las Palmas
39,698,Houston Dynamo
56,711,BK Häcken
68,131174,Eyüpspor
14,88,Birmingham City
32,112494,Südtirol
56,433,AIK
16,71,FC Nantes
189,10032,FC Lugano
83,1474,Pohang Steelers
338,101110,Peñarol
332,101059,Shakhtar Donetsk
336,101099,América de Cali
66,114326,Raków Częstochowa
4,232,Standard de Liège
53,468,Elche CF
41,919,SK Brann
39,112885,Atlanta United
350,113222,Al Hazem FC
351,112224,Melbourne City FC
14,1806,Stoke City
32,110915,Cesena FC
353,111019,Argentinos Juniors
14,17,Southampton
353,111706,Godoy Cruz
4,674,KAA Gent
39,111140,Portland Timbers
2020,111013,Sporting Cristal
80,252,LASK Linz
54,244,Real Zaragoza
32,205,Venezia
54,100888,CD Leganés
39,111651,Toronto FC
83,1478,Jeju United FC
14,95,Leicester City
39,694,Colorado Rapids
20,29,1. FC Kaiserslautern
7,598,São Paulo
337,111008,Libertad
335,15029,Universidad de Chile
330,110751,Universitatea Cluj
16,68,FC Metz
31,111434,Cremonese
32,110741,Spezia
353,112670,Talleres
189,898,FC St.Gallen 1879
17,1805,Grenoble Foot 38
68,101020,Kayserispor
14,109,West Bromwich Albion
39,131439,San Diego FC
54,10846,Burgos CF
68,111117,Fatih Karagümrük
2012,111769,Changchun Yatai
39,111138,Minnesota United FC
14,1795,Watford
189,900,BSC Young Boys
83,1473,Ulsan HD FC
14,97,Millwall FC
7,1598,Bahia
4,110724,KV Mechelen
60,1926,Blackpool FC
14,1919,Bristol City
50,77,Aberdeen
7,1043,Flamengo
66,420,Górnik Zabrze
330,308,Universitatea Craiova
14,1952,Hull City
20,34,FC Schalke 04
56,702,IFK Norrköping
14,1951,Oxford United
7,568,Cruzeiro
66,110747,Cracovia
14,1801,Preston North End
2018,110986,LDU Quito
350,113217,Damac FC
39,112606,Orlando City SC
20,10030,SC Paderborn 07
2012,111774,Tianjin Jinmen Tiger
2020,111010,Alianza Lima
1,1786,Randers FC
308,1887,Vitória SC
39,114640,Charlotte FC
338,111325,Club Nacional de Football
319,110468,Viktoria Plzeň
10,100632,Go Ahead Eagles
20,166,Hertha BSC
80,256,FK Austria Wien
2020,111334,FBC Melgar
32,110908,Catanzaro
10,1908,FC Twente
350,113060,Al Akhdoud Saudi Club
61,1944,Cambridge United
308,1438,Santa Clara
2012,116361,Wuhan Three Towns
66,1871,Legia Warszawa
2012,110955,Shanghai Shenhua
14,1790,Portsmouth
308,1900,Moreirense FC
68,101032,Kocaelispor
17,62,En Avant Guingamp
2020,111014,Universitario de Deportes
50,81,Hibernian
54,459,Real Sporting de Gijón
32,110912,Padova
353,111711,Huracán
353,111716,Club Atlético Unión
1,270,Silkeborg IF
32,112493,Carrarese
20,165,SpVgg Greuther Fürth
60,1793,Reading FC
2012,112163,Zhejiang FC
54,467,SD Eibar
60,1923,Luton Town
350,131735,Al Kholood
32,1848,SSC Bari
54,242,RC Deportivo de La Coruña
14,15,Queens Park Rangers
353,110953,Instituto Atlético Central Córdoba
60,1933,Wycombe Wanderers
308,114510,Casa Pia
4,680,Sint-Truidense VV
2019,110990,Deportivo Táchira
2012,111779,Henan FC
353,112713,Club Atlético Sarmiento
54,1968,Cádiz CF
14,89,Charlton Athletic
2012,131488,Qingdao West Coast FC
66,110746,Pogoń Szczecin
4,537,FCV Dender EH
39,112134,Philadelphia Union
318,100135,APOEL FC
1,271,Aarhus Gymnastikforening
68,113142,Alanyaspor
54,462,Real Valladolid CF
39,691,New England Revolution
56,700,IF Elfsborg
353,111020,Independiente Rivadavia
10,634,Fortuna Sittard
14,1947,Wrexham
39,696,Sporting Kansas City
350,113057,Al Fayha
335,110975,Universidad Católica
41,417,Molde FK
4,681,KVC Westerlo
308,10020,GD Estoril Praia
2012,131173,Qingdao Hainiu FC
330,100757,Dinamo Bucureşti
14,1807,Sheffield Wednesday
56,708,Hammarby Fotboll
39,111928,San Jose Earthquakes
31,347,Lecce
10,1910,NEC Nijmegen
14,1960,Swansea City
14,91,Derby County
336,112992,Atlético Bucaramanga
353,111708,Atlético Tucumán
2012,131531,Yunnan Yukun
14,3,Blackburn Rovers
351,111400,Sydney FC
353,111715,Tigre
32,1744,Modena
80,254,SK Rapid
322,100325,HJK Helsinki
16,1738,Le Havre AC
17,1816,Amiens SC
68,741,Antalyaspor
308,1888,Gil Vicente FC
66,111097,Motor Lublin
2012,111724,Shandong Taishan
56,112072,Mjällby AIF
54,1854,Albacete Balompié
17,1815,Clermont Foot 63
53,463,Deportivo Alavés
41,920,Vålerenga Fotball
83,2056,Daegu FC
189,1715,FC Thun
20,110502,SV Darmstadt 98
353,111707,CA Aldosivi
351,114604,Macarthur FC
80,780,SV Ried
337,112716,Cerro Porteño
336,101106,Once Caldas
17,110321,Pau FC
39,114161,Austin FC
7,111052,Fortaleza
2017,110968,Bolívar
2012,131487,Shenzhen Peng City
20,110500,Eintracht Braunschweig
330,310,Rapid Bucuresti
4,1750,Cercle Brugge KSV
353,112965,Central Cordoba SdE
54,456,Racing Santander
353,113044,Barracas Central
2012,112540,Shanghai Port
60,4,Bolton Wanderers
20,531,SC Preußen Münster
16,217,FC Lorient
1,1788,FC Nordsjælland
66,873,Lech Poznań
313,113888,Qarabağ FK
10,1904,NAC Breda
20,159,DSC Arminia Bielefeld
189,110770,FC Sion
351,131739,Auckland FC
68,101026,Göztepe SK
2076,33,TSV 1860 München
32,110740,Reggiana
17,58,Sporting Club Bastia
83,1477,Jeonbuk Hyundai Motors
4,670,Royal Charleroi Sporting Club
350,115892,Al-Najma SC
54,100852,CD Castellón
16,57,AJ Auxerre
17,294,ESTAC Troyes
66,110745,Jagiellonia Białystok
17,1823,AS Nancy Lorraine
351,111395,Brisbane Roar
2076,526,Rot-Weiss Essen
60,1939,Huddersfield Town
2149,113040,NorthEast United
20,485,Hannover 96
351,112427,Western Sydney Wanderers
1,272,Odense Boldklub
1,822,Vejle Boldklub
50,100805,St. Mirren
2018,112908,Independiente del Valle
2149,111633,Mohammedan SC
2018,114615,Mushuc Runa
32,2038,Avellino
60,1961,Cardiff City
2018,110981,Barcelona de Guayaquil
80,15040,WSG Tirol
50,80,Hearts
353,111713,Club Atlético San Martín
41,112199,Sarpsborg 08 FF
60,1797,Rotherham United
54,1894,AD Ceuta FC
41,922,Strømsgodset IF
83,112558,Suwon FC
61,1798,Milton Keynes Dons
32,1746,Empoli
66,1569,Wisła Płock
39,695,FC Dallas
2149,113302,Bengaluru FC
17,1819,AS Saint-Étienne
39,688,DC United
2018,114581,Universidad Católica del Ecuador
56,112126,IFK Värnamo
17,1814,Stade Lavallois Mayenne FC
60,143,Exeter City
330,110816,CFR Cluj
2019,114611,Academia Puerto Cabello
353,1013,San Lorenzo de Almagro
189,1862,FC Lausanne-Sport
60,1932,Barnsley
189,897,FC Luzern
330,110078,Asociația Clubul Sportiv Petrolul 52
308,718,Estrela da Amadora
66,111083,Korona Kielce
330,110075,FCV Farul Constanța
60,1804,Bradford City
60,1929,Plymouth Argyle
20,580,SV Elversberg
61,1937,Notts County
61,92,Grimsby Town
308,1891,CD Nacional
60,1931,Stockport County
83,112115,Gangwon FC
10,1913,SC Heerenveen
83,980,Daejeon Citizen
65,423,St Patrick's Athletic FC
60,149,Lincoln City
56,319,IFK Göteborg
83,112555,FC Anyang
20,171,1. FC Nürnberg
20,110588,1. FC Magdeburg
50,181,Dundee United FC
189,1713,FC Winterthur
10,1914,PEC Zwolle
20,110636,Fortuna Düsseldorf
60,1958,Leyton Orient
80,15009,SC Rheindorf Altach
330,110752,FC Botoşani
80,111822,Wolfsberger AC
54,1867,Córdoba CF
61,1802,Gillingham
308,131463,AVS Futebol SAD
50,82,Kilmarnock
66,301,Widzew Łódź
60,1930,Northampton Town
54,110069,CD Mirandés
338,112868,Boston River
2076,523,1. FC Saarbrücken
32,111433,Mantova
60,1928,Port Vale
61,1803,Walsall
330,100759,FC Argeș
330,110750,UTA Arad
66,111088,Radomiak Radom
2149,113257,Odisha FC
10,100634,Heracles Almelo
66,110749,Zagłębie Lubin
351,111766,Wellington Phoenix
66,111086,Piast Gliwice
335,111328,CD Palestino
32,113147,Virtus Entella
2149,113298,FC Goa
80,2017,TSV Hartberg
54,573,Málaga CF
2012,132305,Dalian Yingbo
4,132231,RAAL La Louvière
2149,113300,Mumbai City FC
66,110206,GKS Katowice
338,115536,Cerro Largo
50,79,Falkirk
32,112124,SS Juve Stabia
2076,492,SV Wehen Wiesbaden
80,110720,Blau-Weiß Linz
17,111276,USL Dunkerque
353,110404,CA Banfield
1,1443,Viborg FF
61,127,Shrewsbury Town
330,114147,FC Hermannstadt
32,200,Pescara
2017,132375,Gualberto Villarroel SJ
54,15012,Cultural Leonesa
335,112531,Deportes Iquique
2076,111239,FC Ingolstadt 04
17,111273,Red Star FC
335,110977,Unión Española
2076,27,FC Hansa Rostock
2076,543,SSV Jahn Regensburg
32,111657,Frosinone
4,15005,SV Zulte Waregem
50,180,Dundee FC
351,111399,Perth Glory
41,1756,Hamarkameratene
17,115494,FC Annecy
2076,110532,SV Waldhof Mannheim
66,112510,Bruk-Bet Termalica Nieciecza
2076,1826,Alemannia Aachen
60,1938,Peterborough United
2076,110176,SSV Ulm 1846
2076,583,1. FC Schweinfurt 05
2076,487,VfL Osnabrück
60,361,Stevenage
10,1915,FC Groningen
10,1971,Excelsior
66,111091,Lechia Gdańsk
2149,113146,Mohun Bagan Super Giant
2019,110991,Carabobo FC
60,1940,Mansfield Town
2019,110989,Caracas FC
61,113926,Salford City
41,2041,Fredrikstad FK
2020,114598,Atlético Grau
2020,111011,Cienciano
61,110890,Crawley Town
2076,110678,TSV Havelse
83,112258,Gwangju FC
10,100638,Telstar
50,83,Motherwell FC
17,111659,Rodez Aveyron Football
2076,1825,MSV Duisburg
351,111398,Newcastle Jets
10,645,FC Volendam
1,1447,Sønderjyske Fodbold
351,111397,Melbourne Victory
61,1920,Oldham Athletic
337,111329,Guaraní
308,112516,CD Tondela
56,113458,IK Sirius
56,111705,IF Brommapojkarna
2076,162,FC Energie Cottbus
20,503,Dynamo Dresden
351,111396,Central Coast Mariners
338,112615,Racing Club de Montevideo
17,1739,Le Mans FC
2076,110501,SC Verl
61,1935,Colchester United
60,1917,Wigan Athletic
56,111594,GAIS
61,112764,Bromley
39,111139,CF Montréal
60,112259,AFC Wimbledon
330,114545,Metaloglobus București
54,114554,FC Andorra
61,1934,Swindon Town
2017,131795,San Antonio Bulo Bulo
66,111082,Arka Gdynia
41,418,Tromsø IL
61,112254,Newport County
2076,110645,Viktoria Köln
61,1936,Cheltenham Town
61,135,Barnet
65,305,Bohemian FC
2076,506,FC Erzgebirge Aue
61,112222,Harrogate Town
353,115472,Deportivo Riestra
330,131459,Unirea Slobozia
56,113892,Degerfors IF
330,110072,Oțelul Galați
351,114023,Western United
2017,112667,Nacional Potosí
65,445,Derry City
61,112260,Fleetwood Town
41,1757,Sandefjord Fotball
60,142,Doncaster Rovers
2149,111629,East Bengal FC
41,113459,Kristiansund BK
2012,114628,Meizhou Hakka
337,111006,Sportivo Luqueño
61,1924,Chesterfield
61,15048,Tranmere Rovers
1,15006,Fredericia
54,110711,Real Sociedad de Fútbol B
2149,113299,Kerala Blasters FC
41,131491,KFUM-Kameratene Oslo
61,381,Barrow
65,306,Shamrock Rovers
80,2015,Grazer AK 1902
60,15015,Burton Albion
41,1463,FK Haugesund
65,834,Shelbourne FC
61,1962,Bristol Rovers
61,121,Crewe Alexandra
330,114546,Csíkszereda Miercurea Ciuc
189,322,Grasshopper Club Zürich
61,110313,Accrington Stanley
56,321,Halmstads BK
41,1523,Bryne FK
56,1870,Östers IF
2149,132681,United Tigers SC
2076,110697,VfB Stuttgart II
65,1572,Drogheda United
65,753,Waterford FC
2149,113297,Chennaiyin FC
65,422,Cork City
65,563,Sligo Rovers
2149,113301,Hyderabad FC
65,1571,Galway United
2076,110685,TSG 1899 Hoffenheim II
17,111376,US Boulogne Cote d'Opale
2149,114168,Jamshedpur FC
2149,115202,Punjab FC