252371,"Relentless +, Low Driven Shot, Gamechanger, Inventive, Slide Tackle, Technical, First Touch"
239053,"Relentless +, Power Shot, Long Ball Pass, Intercept, Slide Tackle, Aerial Fortress, Rapid"
212622,"Long Ball Pass +, Finesse Shot, Whipped Pass, Anticipate, Press Proven, Relentless"
235212,"Relentless +, Low Driven Shot, Whipped Pass, Jockey, Anticipate, Press Proven, Quick Step"
224232,"Relentless +, Incisive Pass, Pinged Pass, Long Ball Pass, Jockey, Intercept, Press Proven"
208128,"Incisive Pass +, Dead Ball, Long Ball Pass, Inventive, Technical, First Touch, Relentless"
226268,"Finesse Shot, Power Shot, Dead Ball, Low Driven Shot, Whipped Pass, First Touch"
239837,"Pinged Pass +, Power Shot, Dead Ball, Gamechanger, Block, Press Proven"
231866,"Tiki Taka +, Power Shot, Long Ball Pass, Aerial Fortress, Press Proven, Bruiser"
194765,"Chip Shot +, Finesse Shot, Gamechanger, Incisive Pass, Long Ball Pass, Inventive, Technical"
232656,"Dead Ball, Block, Anticipate, Rapid, Quick Step, Bruiser"
212198,"Relentless +, Dead Ball, Gamechanger, Incisive Pass, Long Ball Pass, Tiki Taka, Inventive"
246191,"Press Proven +, Finesse Shot"
231281,"Whipped Pass +, Dead Ball, Incisive Pass, Long Ball Pass, Relentless"
244675,"Finesse Shot, Precision Header, Technical, First Touch"
210008,"Precision Header, First Touch, Press Proven"
212616,"Finesse Shot, Incisive Pass, Long Ball Pass, Technical"
241096,"Slide Tackle, Relentless, Enforcer"
226161,"Power Shot, Whipped Pass, Rapid, Quick Step, Relentless"
209658,"Power Shot, Precision Header, Incisive Pass, Aerial Fortress, Bruiser"
255253,"Technical +, Finesse Shot, Incisive Pass, Long Ball Pass, Tiki Taka, Intercept, Relentless"
209331,"Finesse Shot +, Low Driven Shot, Gamechanger, Whipped Pass, Inventive, Technical, First Touch"
204923,"Power Shot, Pinged Pass"
234378,"Dead Ball, Whipped Pass, Block, Intercept, Aerial Fortress, Press Proven, Relentless"
210514,"Whipped Pass, Inventive, Block, Technical, First Touch"
228702,"Tiki Taka +, Incisive Pass, Inventive, Press Proven"
240638,"Tiki Taka +, Finesse Shot, Power Shot, Incisive Pass, Technical"
236772,"Power Shot, Whipped Pass, Technical"
233419,"Rapid +, Finesse Shot, Power Shot, Trickster, Quick Step, Relentless"
246669,"Whipped Pass +, Finesse Shot, Technical"
223848,"Dead Ball, Precision Header, Incisive Pass, Pinged Pass, Inventive, Aerial Fortress, First Touch"
251854,"First Touch +, Incisive Pass, Long Ball Pass, Tiki Taka, Technical, Relentless"
247851,"Gamechanger, Incisive Pass, Long Ball Pass, Press Proven, Relentless"
231443,"Rapid +, Low Driven Shot, Pinged Pass, Inventive, Trickster, Quick Step"
272834,"Press Proven +, Long Ball Pass, Tiki Taka, Aerial Fortress, Relentless"
246104,"Intercept, Press Proven"
231478,"Gamechanger +, Power Shot, Precision Header, Incisive Pass, Technical, Relentless, Enforcer"
192883,"Incisive Pass, Inventive, Jockey, Anticipate, Technical, Relentless"
192985,"Whipped Pass +, Dead Ball, Incisive Pass, Pinged Pass, Inventive"
240679,Dead Ball
247635,"Inventive +, Finesse Shot, Gamechanger, Incisive Pass, Technical, Trickster"
210035,"Whipped Pass +, Finesse Shot, Dead Ball, Inventive, First Touch"
238074,"Whipped Pass, Jockey, Bruiser"
208574,"Whipped Pass, Rapid"
238216,"Block, Intercept, Relentless"
225193,"Power Shot, Precision Header, Aerial Fortress, Relentless"
247090,"Long Ball Pass +, First Touch, Press Proven, Relentless"
209297,"Relentless +, Inventive"
197445,"Dead Ball, Anticipate"
226754,"Incisive Pass, Tiki Taka, Technical"
263205,"Low Driven Shot, Aerial Fortress, Rapid, Quick Step, Relentless, Bruiser, Enforcer"
243576,"Power Shot, Long Ball Pass, Tiki Taka, Whipped Pass, Block, Relentless"
231747,"Quick Step +, Finesse Shot, Acrobatic, Low Driven Shot, Gamechanger, Rapid, First Touch"
222665,"Incisive Pass +, Pinged Pass, Inventive, Technical, First Touch"
210411,"Incisive Pass, Pinged Pass, Tiki Taka, Technical, First Touch, Relentless"
243245,"Finesse Shot, Power Shot, Dead Ball, Incisive Pass"
224334,"Power Shot, Long Ball Pass, Inventive, Anticipate, Relentless, Bruiser"
237238,"Precision Header, Low Driven Shot, Incisive Pass, Aerial Fortress, Technical, Enforcer"
202126,"Finesse Shot +, Precision Header, Low Driven Shot, Gamechanger, Long Ball Pass, First Touch"
248243,"Jockey, Block, Technical, Bruiser"
224293,"Dead Ball, Long Ball Pass, Whipped Pass, Inventive, Intercept, Aerial Fortress"
246863,"Block, Aerial Fortress, Press Proven, Bruiser"
258648,"Aerial Fortress, Relentless"
210881,"Press Proven, Relentless, Enforcer"
225201,"Finesse Shot, Rapid"
208333,"Bruiser +, Pinged Pass, Long Ball Pass, Slide Tackle, Press Proven"
228251,"Finesse Shot, Press Proven"
240950,"Finesse Shot, Dead Ball, Incisive Pass, Tiki Taka, Whipped Pass, Inventive, Technical"
223334,"Aerial Fortress, Press Proven, Relentless, Bruiser, Enforcer"
252145,"Quick Step +, Pinged Pass, Whipped Pass, Jockey, Anticipate, Rapid"
188545,"Chip Shot +, Finesse Shot, Power Shot, Precision Header, Low Driven Shot, Incisive Pass, First Touch"
247246,"Pinged Pass, Press Proven, Relentless"
181458,"Dead Ball, Gamechanger, Whipped Pass, Inventive"
243014,"Gamechanger +, Inventive, Rapid, First Touch, Quick Step"
216393,"Pinged Pass +, Power Shot, Incisive Pass, Press Proven"
195479,"Dead Ball, Long Ball Pass, Whipped Pass, Relentless"
256790,"Technical +, Precision Header, Low Driven Shot, Gamechanger, Incisive Pass, Inventive, Trickster"
239231,"Jockey, Block, Press Proven, Relentless"
223959,"Long Ball Pass, Tiki Taka, Jockey, Intercept, Anticipate, Slide Tackle, Relentless"
212811,"Long Ball Pass, Inventive, Intercept, Technical, Relentless"
177003,"Incisive Pass, Long Ball Pass, Whipped Pass, Technical"
230938,"Power Shot, Press Proven, Relentless"
226226,"Finesse Shot, Dead Ball, Incisive Pass, Technical"
231913,"Low Driven Shot, Anticipate, First Touch, Press Proven, Relentless"
247394,"Finesse Shot, Whipped Pass, Press Proven, Relentless"
218667,"Tiki Taka +, Low Driven Shot, Gamechanger, Whipped Pass, Technical, Relentless"
256630,"Incisive Pass +, Finesse Shot, Chip Shot, Low Driven Shot, Inventive, Technical, First Touch"
238744,"Incisive Pass, Aerial Fortress, Long Throw"
213666,"Aerial Fortress, Press Proven, Enforcer"
202648,"Power Shot, Dead Ball, Incisive Pass, Pinged Pass, Long Ball Pass, Inventive, Press Proven"
219683,"Precision Header, Aerial Fortress, First Touch, Relentless"
216352,"Long Ball Pass, Press Proven, Relentless"
251479,"Long Ball Pass, Whipped Pass, Jockey, Press Proven"
251806,"Power Shot, Incisive Pass, Technical, Bruiser"
211093,"Power Shot, Pinged Pass, Long Ball Pass, Press Proven, Relentless"
236499,Press Proven
215590,"Acrobatic, Low Driven Shot, Gamechanger, Incisive Pass, Technical"
234396,"Rapid, Quick Step"
239807,Technical