252371,"CAM, CM"
239053,"CM, CDM, RB"
212622,"CDM, RB, CM"
235212,"RB, RM"
224232,CM
208128,"CDM, CM"
226268,"LB, LM"
239837,"CM, CDM"
231866,"CDM, CM"
194765,"ST, LM, CAM"
232656,"LB, LM"
212198,"CAM, CM"
246191,ST
231281,"RB, RM"
244675,"CAM, CM, ST"
210008,"CAM, CM"
212616,"CM, CDM, CAM"
241096,"CDM, CM"
226161,"RB, CM, RM"
209658,"CM, CDM, CAM"
255253,"CM, CDM, CAM"
209331,"RM, RW"
204923,"CDM, CM"
234378,"CDM, CM"
210514,"RB, LB, RM"
228702,"CM, CDM"
240638,"CM, CDM, CAM"
236772,"CAM, CM"
233419,"LM, LW"
246669,"RW, RM"
223848,"CM, CDM, CAM"
251854,"CM, CDM, CAM"
247851,"CM, CDM"
231443,"ST, RW, CAM"
272834,"CM, CDM"
246104,"CDM, CM"
231478,ST
192883,CM
192985,"CM, CAM"
240679,"CAM, CM"
247635,"LW, RW, LM"
210035,"LM, LB, LW"
238074,RB
208574,"LM, LB, LW"
238216,"CM, CAM, LM"
225193,"CM, ST"
247090,"CM, CDM, CAM"
209297,"CM, CDM, CAM"
197445,"CB, LB, LM"
226754,"CDM, CM"
263205,"LM, RM, LW"
243576,"RB, RM"
231747,"ST, LW, LM"
222665,"CM, CAM"
210411,"CAM, CM, RM"
243245,"CM, CAM, CDM"
224334,"LB, LM"
237238,"CM, CAM, LM"
202126,ST
248243,"CM, CDM, LB"
224293,"CDM, CM"
246863,"CDM, CM"
258648,"LB, CB, LM"
210881,"LM, RM, CAM, LB"
225201,"LM, RM, CAM, LW"
208333,"CB, CDM, CM"
228251,"CAM, CM"
240950,"CAM, LM, CM"
223334,"CM, LW, LM"
252145,"LB, LM"
188545,ST
247246,"CM, CDM"
181458,"RW, LW, RM"
243014,"RW, RM, ST"
216393,"CM, CDM, CAM"
195479,"RB, RM"
256790,"CAM, LM, CM, ST"
239231,LB
223959,"CDM, CM"
212811,"CDM, CM"
177003,"CM, CAM, CDM"
230938,"CDM, CM, CB"
226226,"CAM, CM, CDM"
231913,"CM, RB, RM, CAM"
247394,"CM, RW, CAM"
218667,"CM, RM, CDM, CAM"
256630,"CAM, ST, CM"
238744,"CM, CDM, CAM"
213666,"CM, CAM"
202648,"LM, CM, CDM, LW"
219683,"CM, CDM, CAM"
216352,"CDM, CM"
251479,"LB, RB, LM"
251806,"CM, CDM, CAM"
211093,"CDM, CM"
236499,"CM, CDM"
215590,"ST, CAM"
234396,"LB, LM"
239807,CM