252371,90,4,4,Right,243,53,j._bellingham_gold,Controlled,Average Tall,Gold,320000
239053,89,4,3,Right,243,53,f._valverde_gold,Controlled,Unique,Gold,340000
212622,89,4,3,Right,21,19,j._kimmich_gold,Mostly Explosive,Average,Gold,140000
235212,89,4,4,Right,73,16,a._hakimi_gold,Controlled Explosive,Lean,Gold,170000
224232,87,4,3,Right,44,31,n._barella_gold,Explosive,Average,Gold,69000
208128,86,5,4,Right,44,31,h._çalhanoğlu_gold,Mostly Explosive,Average,Gold,61000
226268,85,4,3,Left,44,31,f._dimarco_gold,Mostly Explosive,Average,Gold,54000
239837,87,3,3,Right,9,13,a._mac_allister_gold,Controlled Explosive,Average,Gold,180000
231866,90,4,3,Right,10,13,rodri_gold,Lengthy,Average Tall,Gold,270000
194765,85,3,4,Left,240,53,a._griezmann_gold,Mostly Explosive,Unique,Gold,115000
232656,84,3,4,Left,605,350,t._hernández_gold,Controlled,Unique,Gold,65000
212198,87,4,4,Right,11,13,bruno_fernandes_gold,Controlled Explosive,Unique,Gold,165000
246191,87,4,4,Right,240,53,j._alvarez_gold,Explosive,Average,Gold,125000
231281,86,4,3,Right,243,53,t._alexander-arnold_gold,Controlled,Unique,Gold,250000
244675,84,4,4,Right,448,53,sancet_gold,Controlled,Lean Tall,Gold,66000
210008,83,3,3,Left,47,31,a._rabiot_gold,Mostly Lengthy,Lean Tall,Gold,71000
212616,84,3,4,Right,112893,39,r._de_paul_gold,Controlled,Average,Gold,100000
241096,86,4,3,Right,13,13,s._tonali_gold,Controlled,Unique,Gold,175000
226161,84,4,3,Right,240,53,marcos_llorente_gold,Controlled,Lean,Gold,95000
209658,82,4,3,Right,21,19,l._goretzka_gold,Mostly Lengthy,Unique,Gold,78000
255253,89,3,4,Right,73,16,vitinha_gold,Mostly Explosive,Lean,Gold,170000
209331,91,3,4,Left,9,13,m._salah_gold,Controlled Explosive,Unique,Gold,370000
204923,80,4,3,Right,22,19,m._sabitzer_gold,Controlled,Average,Gold,52000
234378,87,3,3,Right,1,13,d._rice_gold,Mostly Lengthy,Average Tall,Gold,210000
210514,84,4,4,Right,605,350,joão_cancelo_gold,Mostly Explosive,Unique,Gold,68000
228702,87,3,4,Right,241,53,f._de_jong_gold,Mostly Explosive,Unique,Gold,170000
240638,86,4,4,Right,10,13,t._reijnders_gold,Controlled,Lean Tall,Gold,190000
236772,83,4,4,Right,9,13,d._szoboszlai_gold,Controlled,Average Tall,Gold,110000
233419,89,4,4,Left,241,53,raphinha_gold,Mostly Explosive,Lean,Gold,200000
246669,88,4,3,Left,1,13,b._saka_gold,Mostly Explosive,Lean,Gold,230000
223848,84,5,4,Right,605,350,s._milinković-savić_gold,Lengthy,Average Tall,Gold,70000
251854,89,4,4,Right,241,53,pedri_gold,Mostly Explosive,Lean,Gold,170000
247851,86,2,3,Right,13,13,bruno_guimarães_gold,Controlled,Lean,Gold,190000
231443,90,5,5,Left,73,16,o._dembélé_gold,Mostly Explosive,Unique,Gold,220000
272834,85,4,3,Right,73,16,joão_neves_gold,Controlled,Average,Gold,90000
246104,85,4,4,Right,9,13,r._gravenberch_gold,Controlled,Lean Tall,Gold,125000
231478,88,4,4,Right,44,31,l._martínez_gold,Controlled Explosive,Unique,Gold,79000
192883,83,5,4,Right,44,31,h._mkhitaryan_gold,Mostly Explosive,Average,Gold,37000
192985,87,5,4,Right,48,31,k._de_bruyne_gold,Controlled,Unique,Gold,175000
240679,81,2,3,Left,45,31,t._koopmeiners_gold,Controlled,Average,Gold,120000
247635,87,5,5,Right,73,16,k._kvaratskhelia_gold,Controlled Explosive,Average,Gold,140000
210035,84,2,4,Left,32,19,grimaldo_gold,Mostly Explosive,Lean,Gold,110000
238074,81,4,3,Right,5,13,r._james_gold,Controlled,Stocky,Gold,115000
208574,81,2,3,Left,45,31,f._kostić_gold,Controlled,Average,Gold,125000
238216,81,4,3,Right,240,53,c._gallagher_gold,Controlled,Average,Gold,70000
225193,83,3,3,Left,1,13,mikel_merino_gold,Mostly Lengthy,Average Tall,Gold,160000
247090,84,4,3,Right,5,13,e._fernández_gold,Controlled Explosive,Average,Gold,140000
209297,80,4,4,Left,326,68,fred_gold,Mostly Explosive,Lean Short,Gold,60000
197445,82,4,3,Left,243,53,d._alaba_gold,Controlled,Average,Gold,185000
226754,80,3,3,Left,211,317,i._bennacer_gold,Mostly Explosive,Average,Gold,25000
263205,80,3,4,Right,325,68,b._yılmaz_gold,Controlled,Average Tall,Gold,55000
243576,82,3,3,Right,18,13,pedro_porro_gold,Mostly Explosive,Average,Gold,105000
231747,91,4,5,Right,243,53,k._mbappé_gold,Mostly Explosive,Unique,Gold,610000
222665,87,2,5,Left,1,13,m._ødegaard_gold,Controlled Explosive,Lean,Gold,220000
210411,82,3,4,Right,112391,350,otávio_gold,Explosive,Average,Gold,54000
243245,82,5,3,Right,327,68,o._kökçü_gold,Controlled,Average,Gold,25000
224334,78,3,3,Left,1876,353,m._acuña_gold,Controlled,Stocky,Gold,22000
237238,85,3,3,Right,48,31,s._mctominay_gold,Lengthy,Average Tall,Gold,150000
202126,89,4,3,Right,21,19,h._kane_gold,Lengthy,Unique,Gold,155000
248243,83,3,4,Left,243,53,e._camavinga_gold,Controlled,Lean Tall,Gold,175000
224293,84,4,3,Right,605,350,rúben_neves_gold,Controlled,Average,Gold,68000
246863,82,3,4,Right,22,19,f._nmecha_gold,Mostly Lengthy,Average Tall,Gold,50000
258648,81,2,3,Left,44,31,carlos_augusto_gold,Controlled,Average,Gold,38000
210881,81,2,3,Left,2,13,j._mcginn_gold,Controlled,Stocky,Gold,120000
225201,82,4,3,Right,448,53,berenguer_gold,Explosive,Average,Gold,59000
208333,82,4,3,Right,22,19,e._can_gold,Mostly Lengthy,Stocky Tall,Gold,60000
228251,80,4,3,Right,52,31,l._pellegrini_gold,Controlled,Average Tall,Gold,63000
240950,83,4,4,Right,237,308,pedro_gonçalves_gold,Mostly Explosive,Average,Gold,32000
223334,82,3,3,Right,13,13,joelinton_gold,Mostly Lengthy,Stocky Tall,Gold,140000
252145,86,4,3,Left,73,16,nuno_mendes_gold,Mostly Explosive,Average,Gold,110000
188545,88,4,4,Right,241,53,r._lewandowski_gold,Mostly Lengthy,Unique,Gold,155000
247246,81,3,3,Right,45,31,k._thuram_gold,Controlled,Lean Tall,Gold,105000
181458,81,5,4,Right,247,10,i._perišić_gold,Controlled,Lean Tall,Gold,25000
243014,85,2,4,Left,11,13,b._mbeumo_gold,Explosive,Stocky,Gold,135000
216393,85,4,4,Right,2,13,y._tielemans_gold,Controlled,Average,Gold,170000
195479,77,2,3,Right,86,50,j._tavernier_gold,Controlled,Average,Gold,52000
256790,88,4,5,Right,21,19,j._musiala_gold,Controlled,Lean,Gold,110000
239231,84,3,3,Left,5,13,marc_cucurella_gold,Mostly Explosive,Average,Gold,155000
223959,83,3,3,Right,325,68,l._torreira_gold,Mostly Explosive,Average Short,Gold,73000
212811,79,4,3,Right,325,68,m._lemina_gold,Controlled,Average,Gold,55000
177003,83,4,4,Right,47,31,l._modrić_gold,Mostly Explosive,Lean,Gold,47000
230938,80,4,3,Right,112387,350,f._kessié_gold,Mostly Lengthy,Average,Gold,49000
226226,82,3,4,Left,449,53,g._lo_celso_gold,Controlled Explosive,Average,Gold,43000
231913,80,3,3,Right,234,308,f._aursnes_gold,Controlled,Lean,Gold,26000
247394,83,3,4,Left,18,13,d._kulusevski_gold,Controlled,Average Tall,Gold,125000
218667,84,3,4,Left,10,13,bernardo_silva_gold,Controlled Explosive,Lean,Gold,165000
256630,89,4,4,Right,9,13,f._wirtz_gold,Mostly Explosive,Average,Gold,190000
238744,78,3,3,Right,45,31,w._mckennie_gold,Controlled,Stocky,Gold,95000
213666,80,4,4,Right,47,31,r._loftus-cheek_gold,Controlled Lengthy,Average Tall,Gold,55000
202648,81,3,3,Right,453,53,sergi_darder_gold,Controlled,Lean,Gold,43000
219683,81,2,3,Right,66,16,c._tolisso_gold,Controlled Lengthy,Average,Gold,30000
216352,81,4,3,Right,112139,350,m._brozović_gold,Controlled,Lean,Gold,52000
251479,80,4,2,Left,1808,13,m._de_cuyper_gold,Controlled Explosive,Lean,Gold,78000
251806,80,3,3,Right,246,10,q._timber_gold,Controlled,Average,Gold,19000
211093,79,4,4,Left,78,50,c._mcgregor_gold,Mostly Explosive,Average,Gold,61000
236499,80,2,3,Right,14,13,douglas_luiz_gold,Controlled Explosive,Average,Gold,110000
215590,83,4,4,Right,483,53,ayoze_gold,Mostly Explosive,Lean,Gold,65000
234396,84,3,4,Left,21,19,a._davies_gold,Controlled,Unique,Gold,74000
239807,81,4,3,Right,44,31,d._frattesi_gold,Mostly Explosive,Average,Gold,38000
,,,,,,,d._frattesi_gold,Mostly Explosive,Average,Gold,38000